Title,Company,Location,Salary,Requirement,Link
Senior Python Backend Engineer,Orga AI,Worldwide,N/A,Senior Python Backend Engineer Orga AI Worldwide $40k - $60k,https://remoteok.com/remote-jobs/remote-senior-python-backend-engineer-orga-ai-1093458
Associate Data Engineer,Sayari,United States,N/A,Associate Data Engineer Sayari United States $65k - $140k*,https://remoteok.com/remote-jobs/remote-associate-data-engineer-sayari-1093725
Backend Developer @ lobstr.io Python Scraping Celery,lobstr.io,Worldwide,N/A,Backend Developer @ lobstr.io Python Scraping Celery lobstr.io Worldwide $30k - $40k,https://remoteok.com/remote-jobs/remote-backend-developer-lobstr-io-python-scraping-celery-lobstr-io-1093607
Senior AI Python Developer,Koombea,Probably worldwide,N/A,Senior AI Python Developer Koombea Probably worldwide $60k - $110k*,https://remoteok.com/remote-jobs/remote-senior-ai-python-developer-koombea-1093660
Lead Data Engineer,Open Architects,United States,N/A,Lead Data Engineer Open Architects United States $120k - $140k,https://remoteok.com/remote-jobs/remote-lead-data-engineer-open-architects-1093295
Lead Software Engineer II Backend,Best Egg,Worldwide,N/A,Lead Software Engineer II Backend Best Egg Worldwide $60k - $123k*,https://remoteok.com/remote-jobs/remote-lead-software-engineer-ii-backend-best-egg-1093524
Data Engineer II,TrueML,Probably worldwide,N/A,Data Engineer II TrueML Probably worldwide $60k - $135k*,https://remoteok.com/remote-jobs/remote-data-engineer-ii-trueml-1093479
Senior Scientific Software Engineer Magnet Protection Systems,Commonwealth Fusion Systems,"Devens, MA",N/A,"Senior Scientific Software Engineer Magnet Protection Systems Commonwealth Fusion Systems Devens, MA $60k - $135k*",https://remoteok.com/remote-jobs/remote-senior-scientific-software-engineer-magnet-protection-systems-commonwealth-fusion-systems-1093472
Senior Site Reliability Engineer ML Platforms,2100 NVIDIA USA,United States,N/A,Senior Site Reliability Engineer ML Platforms 2100 NVIDIA USA United States $60k - $135k*,https://remoteok.com/remote-jobs/remote-senior-site-reliability-engineer-ml-platforms-2100-nvidia-usa-1093465
Site Reliability Engineer,Tinybird,Probably worldwide,N/A,Site Reliability Engineer Tinybird Probably worldwide $65k - $130k*,https://remoteok.com/remote-jobs/remote-site-reliability-engineer-tinybird-1093416
Senior Systems Engineer Autonomous Vehicle Infrastructure,2100 NVIDIA USA,United States,N/A,Senior Systems Engineer Autonomous Vehicle Infrastructure 2100 NVIDIA USA United States $65k - $130k*,https://remoteok.com/remote-jobs/remote-senior-systems-engineer-autonomous-vehicle-infrastructure-2100-nvidia-usa-1093327
Data Analyst Canada Wide,Newton,Canada,N/A,Data Analyst Canada Wide Newton Canada $60k - $100k*,https://remoteok.com/remote-jobs/remote-data-analyst-canada-wide-newton-1093292
Data Analyst,Foodsmart,United States,N/A,Data Analyst Foodsmart United States $75k - $110k*,https://remoteok.com/remote-jobs/remote-data-analyst-foodsmart-1093207
Testing Engineer,Trial Library,"San Francisco, CA",N/A,"Testing Engineer Trial Library San Francisco, CA $70k - $120k*",https://remoteok.com/remote-jobs/remote-testing-engineer-trial-library-1093169
Werkstudent im Bereich SAP & Cloud Automation,Public Cloud Group,Alle,N/A,Werkstudent im Bereich SAP & Cloud Automation Public Cloud Group Alle $55k - $80k*,https://remoteok.com/remote-jobs/remote-werkstudent-im-bereich-sap-amp-cloud-automation-public-cloud-group-1093160
Senior Data Analytics Engineer,Fullscript,Probably worldwide,N/A,Senior Data Analytics Engineer Fullscript Probably worldwide $68k - $120k*,https://remoteok.com/remote-jobs/remote-senior-data-analytics-engineer-fullscript-1093152
Senior Software Engineer,Nava,Worldwide,N/A,Senior Software Engineer Nava Worldwide $63k - $93k*,https://remoteok.com/remote-jobs/remote-senior-software-engineer-nava-1093123
Backend Software Engineer,Firework,Canada,N/A,Backend Software Engineer Firework Canada $70k - $120k*,https://remoteok.com/remote-jobs/remote-backend-software-engineer-firework-1093113
Workflow Engineer,Serotonin,Probably worldwide,N/A,Workflow Engineer Serotonin Probably worldwide $63k - $105k*,https://remoteok.com/remote-jobs/remote-workflow-engineer-serotonin-1093086
Software Engineer Data,Gauntlet,Worldwide,N/A,Software Engineer Data Gauntlet Worldwide $70k - $120k*,https://remoteok.com/remote-jobs/remote-software-engineer-data-gauntlet-1093031
